migration_start,migration_end
1656172024.051423,1656172033.3259158
1656172111.642576,1656172120.209172
1656172517.095455,1656172527.682822
1656172558.95205,1656172566.010439
1656172713.645317,1656172719.5191302
1656172862.0284212,1656172874.473072
1656172980.0510342,1656172992.515483
