migration_start,migration_end
1656496910.902323,1656496922.147778
1656496996.7425358,1656497008.814898
1656497224.330498,1656497232.0133572
1656497485.075595,1656497494.37592
1656497706.337526,1656497715.255661
1656497752.451026,1656497758.2632399
1656497903.801077,1656497915.128732
